{
  "data" : [
    {
      "text" : "A que altitude fica média fica o equador?",
      "entities" : [
        {
          "entity" : "intent",
          "value" : "\"geografia\""
        },
        {
          "entity" : "lugar",
          "value" : "\"equador\"",
          "start" : 33,
          "end" : 40,
          "subentities" : [
            {
              "entity" : "pais",
              "value" : "\"equador\"",
              "start" : 0,
              "end" : 7
            }
          ]
        }
      ]
    },
    {
      "text" : "Com quantos pontos está o primeiro colocado?",
      "entities" : [
        {
          "entity" : "intent",
          "value" : "\"esporte\""
        },
        {
          "entity" : "ranking",
          "value" : "\"primeiro colocado\"",
          "start" : 26,
          "end" : 43
        }
      ]
    },
    {
      "text" : "Comidas salgadas ou doces?",
      "entities" : [
        {
          "entity" : "intent",
          "value" : "\"comida\""
        },
        {
          "entity" : "sabor",
          "value" : "\"salgadas\"",
          "start" : 8,
          "end" : 16
        },
        {
          "entity" : "sabor",
          "value" : "\"doces\"",
          "start" : 20,
          "end" : 25
        }
      ]
    },
    {
      "text" : "Como diminuir a queda de pelos?",
      "entities" : [
        {
          "entity" : "intent",
          "value" : "\"pets\""
        },
        {
          "entity" : "patologia",
          "value" : "\"queda de pelos\"",
          "start" : 16,
          "end" : 30
        }
      ]
    },
    {
      "text" : "Como está a tabela dessa temporada?",
      "entities" : [
        {
          "entity" : "intent",
          "value" : "\"esporte\""
        }
      ]
    },
    {
      "text" : "Desejo comprar carro barato",
      "entities" : [
        {
          "entity" : "intent",
          "value" : "\"automoveis\""
        }
      ]
    },
    {
      "text" : "Duvidoso entre votar no 15 ou no 51",
      "entities" : [
        {
          "entity" : "intent",
          "value" : "\"politica\""
        }
      ]
    },
    {
      "text" : "Em quem votar esse ano para presidência?",
      "entities" : [
        {
          "entity" : "intent",
          "value" : "\"politica\""
        },
        {
          "entity" : "cargo_politico",
          "value" : "\"presidência\"",
          "start" : 28,
          "end" : 39
        }
      ]
    },
    {
      "text" : "Estou com dor de cabeça, o que devo fazer?",
      "entities" : [
        {
          "entity" : "intent",
          "value" : "\"saude\""
        },
        {
          "entity" : "parte_do_corpo",
          "value" : "\"cabeça\"",
          "start" : 17,
          "end" : 23
        }
      ]
    },
    {
      "text" : "Estou sentindo algumas tonturas, o que pode ser isso?",
      "entities" : [
        {
          "entity" : "intent",
          "value" : "\"saude\""
        },
        {
          "entity" : "patologia",
          "value" : "\"tonturas\"",
          "start" : 23,
          "end" : 31
        }
      ]
    },
    {
      "text" : "Eu gostaria de negociar minha dívida",
      "entities" : [
        {
          "entity" : "intent",
          "value" : "\"financeiro\""
        }
      ]
    },
    {
      "text" : "Eu possuo algum boleto em aberto?",
      "entities" : [
        {
          "entity" : "intent",
          "value" : "\"financeiro\""
        }
      ]
    },
    {
      "text" : "Eu vou votar no presidente Peter",
      "entities" : [
        {
          "entity" : "intent",
          "value" : "\"politica\""
        },
        {
          "entity" : "cargo_politico",
          "value" : "\"presidente\"",
          "start" : 16,
          "end" : 26
        }
      ]
    },
    {
      "text" : "Evite cobranças, quite suas dívidas com antecedência",
      "entities" : [
        {
          "entity" : "intent",
          "value" : "\"financeiro\""
        }
      ]
    },
    {
      "text" : "Existe desconto para pagamentos a vista?",
      "entities" : [
        {
          "entity" : "intent",
          "value" : "\"financeiro\""
        }
      ]
    },
    {
      "text" : "Game bom pra mim só no PC",
      "entities" : [
        {
          "entity" : "intent",
          "value" : "\"games\""
        }
      ]
    },
    {
      "text" : "Gostaria de uma indicação de automóvel",
      "entities" : [
        {
          "entity" : "intent",
          "value" : "\"automoveis\""
        }
      ]
    },
    {
      "text" : "Gosto de jogos de ação",
      "entities" : [
        {
          "entity" : "intent",
          "value" : "\"games\""
        }
      ]
    },
    {
      "text" : "Gosto mais de FPS do que de MOBA",
      "entities" : [
        {
          "entity" : "intent",
          "value" : "\"games\""
        },
        {
          "entity" : "tipo_jogo",
          "value" : "\"FPS\"",
          "start" : 14,
          "end" : 17
        },
        {
          "entity" : "tipo_jogo",
          "value" : "\"MOBA\"",
          "start" : 28,
          "end" : 32
        }
      ]
    },
    {
      "text" : "Já viu os Jogos da E3?",
      "entities" : [
        {
          "entity" : "intent",
          "value" : "\"games\""
        },
        {
          "entity" : "marca",
          "value" : "\"E3\"",
          "start" : 19,
          "end" : 21
        }
      ]
    },
    {
      "text" : "Me interesso por Moto Honda",
      "entities" : [
        {
          "entity" : "intent",
          "value" : "\"automoveis\""
        },
        {
          "entity" : "veiculo",
          "value" : "\"Moto\"",
          "start" : 17,
          "end" : 21
        },
        {
          "entity" : "marca",
          "value" : "\"Honda\"",
          "start" : 22,
          "end" : 27
        }
      ]
    },
    {
      "text" : "Me sinto constipado.",
      "entities" : [
        {
          "entity" : "intent",
          "value" : "\"saude\""
        },
        {
          "entity" : "patologia",
          "value" : "\"constipado\"",
          "start" : 9,
          "end" : 19
        }
      ]
    },
    {
      "text" : "Meu dente está doendo, qual pode ser o problema?",
      "entities" : [
        {
          "entity" : "intent",
          "value" : "\"saude\""
        },
        {
          "entity" : "parte_do_corpo",
          "value" : "\"dente\"",
          "start" : 4,
          "end" : 9
        }
      ]
    },
    {
      "text" : "Meu estilo preferido de jogo é de MMORPG",
      "entities" : [
        {
          "entity" : "intent",
          "value" : "\"games\""
        },
        {
          "entity" : "tipo_jogo",
          "value" : "\"MMORPG\"",
          "start" : 34,
          "end" : 40
        }
      ]
    },
    {
      "text" : "Meu game favorito é o Watch Dogs",
      "entities" : [
        {
          "entity" : "intent",
          "value" : "\"games\""
        },
        {
          "entity" : "titulo_jogo",
          "value" : "\"Watch Dogs\"",
          "start" : 22,
          "end" : 32
        }
      ]
    },
    {
      "text" : "Meu médico me receitou um antialérgico, você poderia verificar o valor?",
      "entities" : [
        {
          "entity" : "intent",
          "value" : "\"saude\""
        },
        {
          "entity" : "remedio",
          "value" : "\"antialérgico\"",
          "start" : 26,
          "end" : 38
        }
      ]
    },
    {
      "text" : "Meu nome está no spc ou no serasa?",
      "entities" : [
        {
          "entity" : "intent",
          "value" : "\"financeiro\""
        }
      ]
    },
    {
      "text" : "Meu voto esse ano será nulo",
      "entities" : [
        {
          "entity" : "intent",
          "value" : "\"politica\""
        }
      ]
    },
    {
      "text" : "O que fazer para acabar com pulgas e carrapatos?",
      "entities" : [
        {
          "entity" : "intent",
          "value" : "\"pets\""
        },
        {
          "entity" : "patologia",
          "value" : "\"pulgas\"",
          "start" : 28,
          "end" : 34,
          "subentities" : [
            {
              "entity" : "animal",
              "value" : "\"pulgas\"",
              "start" : 0,
              "end" : 6
            }
          ]
        },
        {
          "entity" : "patologia",
          "value" : "\"carrapatos\"",
          "start" : 37,
          "end" : 47,
          "subentities" : [
            {
              "entity" : "animal",
              "value" : "\"carrapatos\"",
              "start" : 0,
              "end" : 10
            }
          ]
        }
      ]
    },
    {
      "text" : "O que tem mais calorias, suco de frutas ou cerveja?",
      "entities" : [
        {
          "entity" : "intent",
          "value" : "\"comida\""
        },
        {
          "entity" : "bebida",
          "value" : "\"suco de frutas\"",
          "start" : 25,
          "end" : 39
        },
        {
          "entity" : "bebida",
          "value" : "\"cerveja\"",
          "start" : 43,
          "end" : 50
        }
      ]
    },
    {
      "text" : "O que você me recomendaria para jantar hoje?",
      "entities" : [
        {
          "entity" : "intent",
          "value" : "\"comida\""
        },
        {
          "entity" : "refeicao",
          "value" : "\"jantar\"",
          "start" : 32,
          "end" : 38
        }
      ]
    },
    {
      "text" : "O que você me recomendaria para tratar minha dermatite?",
      "entities" : [
        {
          "entity" : "intent",
          "value" : "\"saude\""
        },
        {
          "entity" : "patologia",
          "value" : "\"dermatite\"",
          "start" : 45,
          "end" : 54
        }
      ]
    },
    {
      "text" : "Obtive 6 filhotes na última ninhada",
      "entities" : [
        {
          "entity" : "intent",
          "value" : "\"pets\""
        }
      ]
    },
    {
      "text" : "Onde eu posso castrar meu gato?",
      "entities" : [
        {
          "entity" : "intent",
          "value" : "\"pets\""
        }
      ]
    },
    {
      "text" : "Onde eu posso comprar chocolate?",
      "entities" : [
        {
          "entity" : "intent",
          "value" : "\"comida\""
        },
        {
          "entity" : "tipo_comida",
          "value" : "\"chocolate\"",
          "start" : 22,
          "end" : 31
        }
      ]
    },
    {
      "text" : "Onde eu posso efetuar o pagamento?",
      "entities" : [
        {
          "entity" : "intent",
          "value" : "\"financeiro\""
        }
      ]
    },
    {
      "text" : "Onde fica o restaurante mais próximo?",
      "entities" : [
        {
          "entity" : "intent",
          "value" : "\"comida\""
        },
        {
          "entity" : "lugar",
          "value" : "\"restaurante\"",
          "start" : 12,
          "end" : 23
        },
        {
          "entity" : "lugar",
          "value" : "\"mais próximo\"",
          "start" : 24,
          "end" : 36
        }
      ]
    },
    {
      "text" : "Os diretores de hollywood são famosos?",
      "entities" : [
        {
          "entity" : "intent",
          "value" : "\"cinema\""
        },
        {
          "entity" : "profissao",
          "value" : "\"diretores\"",
          "start" : 3,
          "end" : 12
        },
        {
          "entity" : "lugar",
          "value" : "\"hollywood\"",
          "start" : 16,
          "end" : 25
        }
      ]
    },
    {
      "text" : "Posso alugar um Mustang?",
      "entities" : [
        {
          "entity" : "intent",
          "value" : "\"automoveis\""
        },
        {
          "entity" : "modelo_carro",
          "value" : "\"Mustang\"",
          "start" : 16,
          "end" : 23
        }
      ]
    },
    {
      "text" : "Preciso de um antibiótico para minha faringite.",
      "entities" : [
        {
          "entity" : "intent",
          "value" : "\"saude\""
        },
        {
          "entity" : "remedio",
          "value" : "\"antibiótico\"",
          "start" : 14,
          "end" : 25
        },
        {
          "entity" : "patologia",
          "value" : "\"faringite\"",
          "start" : 37,
          "end" : 46
        }
      ]
    },
    {
      "text" : "Prefiro jogar Forza Horizon",
      "entities" : [
        {
          "entity" : "intent",
          "value" : "\"games\""
        },
        {
          "entity" : "titulo_jogo",
          "value" : "\"Forza Horizon\"",
          "start" : 14,
          "end" : 27
        }
      ]
    },
    {
      "text" : "Prefiro jogos para celular",
      "entities" : [
        {
          "entity" : "intent",
          "value" : "\"games\""
        },
        {
          "entity" : "tipo_jogo",
          "value" : "\"jogos para celular\"",
          "start" : 8,
          "end" : 26
        }
      ]
    },
    {
      "text" : "Quais atores ganharam Oscar em 2017?",
      "entities" : [
        {
          "entity" : "intent",
          "value" : "\"cinema\""
        },
        {
          "entity" : "profissao",
          "value" : "\"atores\"",
          "start" : 6,
          "end" : 12
        },
        {
          "entity" : "premiacao",
          "value" : "\"Oscar\"",
          "start" : 22,
          "end" : 27
        },
        {
          "entity" : "datetime",
          "value" : "\"2017\"",
          "start" : 31,
          "end" : 35
        }
      ]
    },
    {
      "text" : "Quais jogos irão ocorrer durante essa semana?",
      "entities" : [
        {
          "entity" : "intent",
          "value" : "\"esporte\""
        },
        {
          "entity" : "datetime",
          "value" : "\"essa semana\"",
          "start" : 33,
          "end" : 44
        }
      ]
    },
    {
      "text" : "Quais os modelos vocês estão vendendo?",
      "entities" : [
        {
          "entity" : "intent",
          "value" : "\"automoveis\""
        }
      ]
    },
    {
      "text" : "Quais os times estão competindo pelo primeiro lugar?",
      "entities" : [
        {
          "entity" : "intent",
          "value" : "\"esporte\""
        },
        {
          "entity" : "competicao",
          "value" : "\"competindo\"",
          "start" : 21,
          "end" : 31
        },
        {
          "entity" : "ranking",
          "value" : "\"primeiro lugar\"",
          "start" : 37,
          "end" : 51
        }
      ]
    },
    {
      "text" : "Quais serão os candidatos a prefeito esse ano?",
      "entities" : [
        {
          "entity" : "intent",
          "value" : "\"politica\""
        },
        {
          "entity" : "datetime",
          "value" : "\"esse ano\"",
          "start" : 37,
          "end" : 45
        }
      ]
    },
    {
      "text" : "Qual a chance de ocorrer trovões no deserto?",
      "entities" : [
        {
          "entity" : "intent",
          "value" : "\"geografia\""
        },
        {
          "entity" : "clima",
          "value" : "\"trovões\"",
          "start" : 25,
          "end" : 32
        },
        {
          "entity" : "clima",
          "value" : "\"deserto\"",
          "start" : 36,
          "end" : 43,
          "subentities" : [
            {
              "entity" : "lugar",
              "value" : "\"deserto\"",
              "start" : 0,
              "end" : 7
            }
          ]
        }
      ]
    },
    {
      "text" : "Qual a data de vencimento da parcela atual?",
      "entities" : [
        {
          "entity" : "intent",
          "value" : "\"financeiro\""
        },
        {
          "entity" : "datetime",
          "value" : "\"data de vencimento\"",
          "start" : 7,
          "end" : 25
        }
      ]
    },
    {
      "text" : "Qual a distância da China ao Canadá?",
      "entities" : [
        {
          "entity" : "intent",
          "value" : "\"geografia\""
        },
        {
          "entity" : "pais",
          "value" : "\"China\"",
          "start" : 20,
          "end" : 25
        },
        {
          "entity" : "pais",
          "value" : "\"Canadá\"",
          "start" : 29,
          "end" : 35
        }
      ]
    },
    {
      "text" : "Qual a escalação da seleção brasileira?",
      "entities" : [
        {
          "entity" : "intent",
          "value" : "\"esporte\""
        },
        {
          "entity" : "time",
          "value" : "\"seleção brasileira\"",
          "start" : 20,
          "end" : 38
        }
      ]
    },
    {
      "text" : "Qual a ração mais indicada para filhotes?",
      "entities" : [
        {
          "entity" : "intent",
          "value" : "\"pets\""
        }
      ]
    },
    {
      "text" : "Qual a sua preferida, junk food or health food?",
      "entities" : [
        {
          "entity" : "intent",
          "value" : "\"comida\""
        },
        {
          "entity" : "tipo_comida",
          "value" : "\"junk food\"",
          "start" : 22,
          "end" : 31
        },
        {
          "entity" : "tipo_comida",
          "value" : "\"health food\"",
          "start" : 35,
          "end" : 46
        }
      ]
    },
    {
      "text" : "Qual a sua preferida, junk food ou health food?",
      "entities" : [
        {
          "entity" : "intent",
          "value" : "\"comida\""
        }
      ]
    },
    {
      "text" : "Qual drogaria possui maior diversidade de produtos?",
      "entities" : [
        {
          "entity" : "intent",
          "value" : "\"saude\""
        },
        {
          "entity" : "estabelecimento",
          "value" : "\"drogaria\"",
          "start" : 5,
          "end" : 13
        }
      ]
    },
    {
      "text" : "Qual filme vendeu mais entradas de cinema na história?",
      "entities" : [
        {
          "entity" : "intent",
          "value" : "\"cinema\""
        },
        {
          "entity" : "tipo_de_programa",
          "value" : "\"filme\"",
          "start" : 5,
          "end" : 10
        }
      ]
    },
    {
      "text" : "Qual gênero de filme você me recomendaria?",
      "entities" : [
        {
          "entity" : "intent",
          "value" : "\"cinema\""
        }
      ]
    },
    {
      "text" : "Qual o melhor candidato desse ano?",
      "entities" : [
        {
          "entity" : "intent",
          "value" : "\"politica\""
        },
        {
          "entity" : "datetime",
          "value" : "\"desse ano\"",
          "start" : 24,
          "end" : 33
        }
      ]
    },
    {
      "text" : "Qual o perímetro do Brasil?",
      "entities" : [
        {
          "entity" : "intent",
          "value" : "\"geografia\""
        },
        {
          "entity" : "lugar",
          "value" : "\"Brasil\"",
          "start" : 20,
          "end" : 26
        }
      ]
    },
    {
      "text" : "Qual o petshop mais confiável da cidade?",
      "entities" : [
        {
          "entity" : "intent",
          "value" : "\"pets\""
        },
        {
          "entity" : "estabelecimento",
          "value" : "\"petshop\"",
          "start" : 7,
          "end" : 14
        },
        {
          "entity" : "lugar",
          "value" : "\"cidade\"",
          "start" : 33,
          "end" : 39
        }
      ]
    },
    {
      "text" : "Qual o índice de chuvas para abril?",
      "entities" : [
        {
          "entity" : "intent",
          "value" : "\"geografia\""
        },
        {
          "entity" : "clima",
          "value" : "\"chuvas\"",
          "start" : 17,
          "end" : 23
        },
        {
          "entity" : "datetime",
          "value" : "\"abril\"",
          "start" : 29,
          "end" : 34
        }
      ]
    },
    {
      "text" : "Qual o índice de natalidade do estado?",
      "entities" : [
        {
          "entity" : "intent",
          "value" : "\"geografia\""
        },
        {
          "entity" : "lugar",
          "value" : "\"estado\"",
          "start" : 31,
          "end" : 37
        }
      ]
    },
    {
      "text" : "Qual seria o seu café da manhã ideal?",
      "entities" : [
        {
          "entity" : "intent",
          "value" : "\"comida\""
        },
        {
          "entity" : "bebida",
          "value" : "\"café\"",
          "start" : 17,
          "end" : 21
        },
        {
          "entity" : "datetime",
          "value" : "\"manhã\"",
          "start" : 25,
          "end" : 30
        }
      ]
    },
    {
      "text" : "Qual time vai jogar hoje?",
      "entities" : [
        {
          "entity" : "intent",
          "value" : "\"esporte\""
        }
      ]
    },
    {
      "text" : "Qual é a melhor série de comédia já criada?",
      "entities" : [
        {
          "entity" : "intent",
          "value" : "\"cinema\""
        },
        {
          "entity" : "tipo_de_programa",
          "value" : "\"série\"",
          "start" : 16,
          "end" : 21
        },
        {
          "entity" : "genero",
          "value" : "\"comédia\"",
          "start" : 25,
          "end" : 32
        }
      ]
    },
    {
      "text" : "Qual é a nota de velozes e furiosos no imdb?",
      "entities" : [
        {
          "entity" : "intent",
          "value" : "\"cinema\""
        },
        {
          "entity" : "filme",
          "value" : "\"velozes e furiosos\"",
          "start" : 17,
          "end" : 35
        }
      ]
    },
    {
      "text" : "Qual é o clima predominante na Europa?",
      "entities" : [
        {
          "entity" : "intent",
          "value" : "\"geografia\""
        },
        {
          "entity" : "continente",
          "value" : "\"Europa\"",
          "start" : 31,
          "end" : 37
        }
      ]
    },
    {
      "text" : "Qual é o melhor remédio para labirintite?",
      "entities" : [
        {
          "entity" : "intent",
          "value" : "\"saude\""
        },
        {
          "entity" : "patologia",
          "value" : "\"labirintite\"",
          "start" : 29,
          "end" : 40
        }
      ]
    },
    {
      "text" : "Quantas parcelas ainda estão em atraso?",
      "entities" : [
        {
          "entity" : "intent",
          "value" : "\"financeiro\""
        }
      ]
    },
    {
      "text" : "Quanto de juros eu estou pagando?",
      "entities" : [
        {
          "entity" : "intent",
          "value" : "\"financeiro\""
        }
      ]
    },
    {
      "text" : "Quantos episódio tem breaking bad?",
      "entities" : [
        {
          "entity" : "intent",
          "value" : "\"cinema\""
        },
        {
          "entity" : "serie",
          "value" : "\"breaking bad\"",
          "start" : 21,
          "end" : 33
        }
      ]
    },
    {
      "text" : "Quantos estados nós temos na região sul?",
      "entities" : [
        {
          "entity" : "intent",
          "value" : "\"geografia\""
        },
        {
          "entity" : "lugar",
          "value" : "\"estados\"",
          "start" : 8,
          "end" : 15
        }
      ]
    },
    {
      "text" : "Quantos estados tem o meu pais?",
      "entities" : [
        {
          "entity" : "intent",
          "value" : "\"geografia\""
        },
        {
          "entity" : "lugar",
          "value" : "\"estados\"",
          "start" : 8,
          "end" : 15
        },
        {
          "entity" : "lugar",
          "value" : "\"pais\"",
          "start" : 26,
          "end" : 30
        }
      ]
    },
    {
      "text" : "Quantos habitantes tem a capital do méxico?",
      "entities" : [
        {
          "entity" : "intent",
          "value" : "\"geografia\""
        },
        {
          "entity" : "lugar",
          "value" : "\"capital\"",
          "start" : 25,
          "end" : 32
        },
        {
          "entity" : "pais",
          "value" : "\"méxico\"",
          "start" : 36,
          "end" : 42
        }
      ]
    },
    {
      "text" : "Que filmes irão estreiar esse ano?",
      "entities" : [
        {
          "entity" : "intent",
          "value" : "\"cinema\""
        },
        {
          "entity" : "tipo_de_programa",
          "value" : "\"filmes\"",
          "start" : 4,
          "end" : 10
        },
        {
          "entity" : "datetime",
          "value" : "\"esse ano\"",
          "start" : 25,
          "end" : 33
        }
      ]
    },
    {
      "text" : "Quem está na lanterna depois dessa última rodada?",
      "entities" : [
        {
          "entity" : "intent",
          "value" : "\"esporte\""
        }
      ]
    },
    {
      "text" : "Quem foi o diretor de Titanic?",
      "entities" : [
        {
          "entity" : "intent",
          "value" : "\"cinema\""
        },
        {
          "entity" : "filme",
          "value" : "\"Titanic\"",
          "start" : 22,
          "end" : 29
        }
      ]
    },
    {
      "text" : "Quem venceu a copa de 2002?",
      "entities" : [
        {
          "entity" : "intent",
          "value" : "\"esporte\""
        },
        {
          "entity" : "ranking",
          "value" : "\"venceu\"",
          "start" : 5,
          "end" : 11
        },
        {
          "entity" : "competicao",
          "value" : "\"copa\"",
          "start" : 14,
          "end" : 18
        },
        {
          "entity" : "datetime",
          "value" : "\"2002\"",
          "start" : 22,
          "end" : 26
        }
      ]
    },
    {
      "text" : "Quem venceu o campeonato do último ano?",
      "entities" : [
        {
          "entity" : "intent",
          "value" : "\"esporte\""
        },
        {
          "entity" : "ranking",
          "value" : "\"venceu\"",
          "start" : 5,
          "end" : 11
        },
        {
          "entity" : "competicao",
          "value" : "\"campeonato\"",
          "start" : 14,
          "end" : 24
        },
        {
          "entity" : "datetime",
          "value" : "\"último ano\"",
          "start" : 28,
          "end" : 38
        }
      ]
    },
    {
      "text" : "Quem é o primeiro colocado na tabela?",
      "entities" : [
        {
          "entity" : "intent",
          "value" : "\"esporte\""
        },
        {
          "entity" : "ranking",
          "value" : "\"primeiro colocado\"",
          "start" : 9,
          "end" : 26
        }
      ]
    },
    {
      "text" : "Quero comprar o carro do ano",
      "entities" : [
        {
          "entity" : "intent",
          "value" : "\"automoveis\""
        },
        {
          "entity" : "datetime",
          "value" : "\"do ano\"",
          "start" : 22,
          "end" : 28
        }
      ]
    },
    {
      "text" : "Quero votar no Péricles para presidente",
      "entities" : [
        {
          "entity" : "intent",
          "value" : "\"politica\""
        }
      ]
    },
    {
      "text" : "Quero votar no candidato menos corrupto",
      "entities" : [
        {
          "entity" : "intent",
          "value" : "\"politica\""
        }
      ]
    },
    {
      "text" : "Salas de cinema são um bom lugar para marcar encontros?",
      "entities" : [
        {
          "entity" : "intent",
          "value" : "\"cinema\""
        },
        {
          "entity" : "lugar",
          "value" : "\"Salas de cinema\"",
          "start" : 0,
          "end" : 15
        }
      ]
    },
    {
      "text" : "Sua carne deve ser bem passada ou mal passada?",
      "entities" : [
        {
          "entity" : "intent",
          "value" : "\"comida\""
        },
        {
          "entity" : "tipo_comida",
          "value" : "\"carne\"",
          "start" : 4,
          "end" : 9
        },
        {
          "entity" : "tipo_comida",
          "value" : "\"bem passada\"",
          "start" : 19,
          "end" : 30
        },
        {
          "entity" : "tipo_comida",
          "value" : "\"mal passada\"",
          "start" : 34,
          "end" : 45
        }
      ]
    },
    {
      "text" : "Só compro carro se for da Citroen",
      "entities" : [
        {
          "entity" : "intent",
          "value" : "\"automoveis\""
        },
        {
          "entity" : "modelo_carro",
          "value" : "\"Citroen\"",
          "start" : 26,
          "end" : 33
        }
      ]
    },
    {
      "text" : "Tenho interesse nos jogos da Blizzard",
      "entities" : [
        {
          "entity" : "intent",
          "value" : "\"games\""
        },
        {
          "entity" : "marca",
          "value" : "\"Blizzard\"",
          "start" : 29,
          "end" : 37
        }
      ]
    },
    {
      "text" : "Troco moto CB 600 amarela",
      "entities" : [
        {
          "entity" : "intent",
          "value" : "\"automoveis\""
        },
        {
          "entity" : "modelo_moto",
          "value" : "\"CB 600\"",
          "start" : 11,
          "end" : 17
        },
        {
          "entity" : "cor",
          "value" : "\"amarela\"",
          "start" : 18,
          "end" : 25
        }
      ]
    },
    {
      "text" : "Tô afim de trocar o meu carro",
      "entities" : [
        {
          "entity" : "intent",
          "value" : "\"automoveis\""
        },
        {
          "entity" : "veiculo",
          "value" : "\"carro\"",
          "start" : 24,
          "end" : 29
        }
      ]
    },
    {
      "text" : "Você gosta de culinária estrangeira?",
      "entities" : [
        {
          "entity" : "intent",
          "value" : "\"comida\""
        },
        {
          "entity" : "tipo_comida",
          "value" : "\"culinária estrangeira\"",
          "start" : 14,
          "end" : 35
        }
      ]
    },
    {
      "text" : "Você joga Fortinite?",
      "entities" : [
        {
          "entity" : "intent",
          "value" : "\"games\""
        },
        {
          "entity" : "titulo_jogo",
          "value" : "\"Fortinite\"",
          "start" : 10,
          "end" : 19
        }
      ]
    },
    {
      "text" : "Você poderia enviar o valor total para mim?",
      "entities" : [
        {
          "entity" : "intent",
          "value" : "\"financeiro\""
        }
      ]
    },
    {
      "text" : "Você possui algum spray para massagem?",
      "entities" : [
        {
          "entity" : "intent",
          "value" : "\"saude\""
        }
      ]
    },
    {
      "text" : "Você prefere comer fora ou pedir delivery?",
      "entities" : [
        {
          "entity" : "intent",
          "value" : "\"comida\""
        },
        {
          "entity" : "lugar",
          "value" : "\"comer fora\"",
          "start" : 13,
          "end" : 23
        },
        {
          "entity" : "tipo_comida",
          "value" : "\"delivery\"",
          "start" : 33,
          "end" : 41
        }
      ]
    },
    {
      "text" : "Vocês têm Fiat?",
      "entities" : [
        {
          "entity" : "intent",
          "value" : "\"automoveis\""
        },
        {
          "entity" : "modelo_carro",
          "value" : "\"Fiat\"",
          "start" : 10,
          "end" : 14
        }
      ]
    },
    {
      "text" : "Vou votar em branco",
      "entities" : [
        {
          "entity" : "intent",
          "value" : "\"politica\""
        }
      ]
    },
    {
      "text" : "acho que votarei no 15",
      "entities" : [
        {
          "entity" : "intent",
          "value" : "\"politica\""
        }
      ]
    },
    {
      "text" : "com que frequência devo dar banho no meu gato?",
      "entities" : [
        {
          "entity" : "intent",
          "value" : "\"pets\""
        },
        {
          "entity" : "animal",
          "value" : "\"gato\"",
          "start" : 41,
          "end" : 45
        }
      ]
    },
    {
      "text" : "contratei um adestrador mais meus bichos",
      "entities" : [
        {
          "entity" : "intent",
          "value" : "\"pets\""
        },
        {
          "entity" : "profissao",
          "value" : "\"adestrador\"",
          "start" : 13,
          "end" : 23
        }
      ]
    },
    {
      "text" : "contratei um adestrados mais meus bichos",
      "entities" : [
        {
          "entity" : "intent",
          "value" : "\"pets\""
        }
      ]
    },
    {
      "text" : "cães e gatos também tem gripe?",
      "entities" : [
        {
          "entity" : "intent",
          "value" : "\"pets\""
        },
        {
          "entity" : "animal",
          "value" : "\"cães\"",
          "start" : 0,
          "end" : 4
        },
        {
          "entity" : "patologia",
          "value" : "\"gripe\"",
          "start" : 24,
          "end" : 29
        }
      ]
    },
    {
      "text" : "meus animais são muito agressivos",
      "entities" : [
        {
          "entity" : "intent",
          "value" : "\"pets\""
        }
      ]
    }
  ]
}