{
  "data" : {
    "lookups" : [
      "free-text",
      "keywords"
    ],
    "name" : "animal",
    "lang" : "pt",
    "exotic" : false,
    "id" : "animal",
    "values" : [
      {
        "value" : "carrapatos",
        "expressions" : [
          "carrapatos"
        ]
      },
      {
        "value" : "cães",
        "expressions" : [
          "cães"
        ]
      },
      {
        "value" : "gato",
        "expressions" : [
          "gato"
        ]
      },
      {
        "value" : "pulgas",
        "expressions" : [
          "pulgas"
        ]
      }
    ],
    "doc" : "User-defined entity",
    "builtin" : false
  }
}