{
  "data" : {
    "lookups" : [
      "free-text",
      "keywords"
    ],
    "name" : "bebida",
    "lang" : "pt",
    "exotic" : false,
    "id" : "bebida",
    "values" : [
      {
        "value" : "café",
        "expressions" : [
          "café"
        ]
      },
      {
        "value" : "cerveja",
        "expressions" : [
          "cerveja"
        ]
      },
      {
        "value" : "suco de frutas",
        "expressions" : [
          "suco de frutas"
        ]
      }
    ],
    "doc" : "User-defined entity",
    "builtin" : false
  }
}