{
  "data" : {
    "lookups" : [
      "free-text",
      "keywords"
    ],
    "name" : "clima",
    "lang" : "pt",
    "exotic" : false,
    "id" : "clima",
    "values" : [
      {
        "value" : "chuvas",
        "expressions" : [
          "chuvas"
        ]
      },
      {
        "value" : "deserto",
        "expressions" : [
          "deserto"
        ]
      },
      {
        "value" : "trovões",
        "expressions" : [
          "trovões"
        ]
      }
    ],
    "doc" : "User-defined entity",
    "builtin" : false
  }
}