{
  "data" : {
    "lookups" : [
      "free-text",
      "keywords"
    ],
    "name" : "competicao",
    "lang" : "pt",
    "exotic" : false,
    "id" : "competicao",
    "values" : [
      {
        "value" : "campeonato",
        "expressions" : [
          "campeonato"
        ]
      },
      {
        "value" : "competindo",
        "expressions" : [
          "competindo"
        ]
      },
      {
        "value" : "copa",
        "expressions" : [
          "copa"
        ]
      }
    ],
    "doc" : "User-defined entity",
    "builtin" : false
  }
}