{
  "data" : {
    "lookups" : [
      "free-text",
      "keywords"
    ],
    "name" : "estabelecimento",
    "lang" : "pt",
    "exotic" : false,
    "id" : "estabelecimento",
    "values" : [
      {
        "value" : "drogaria",
        "expressions" : [
          "drogaria"
        ]
      },
      {
        "value" : "petshop",
        "expressions" : [
          "petshop"
        ]
      },
      {
        "value" : "restaurante",
        "expressions" : [
          "restaurante"
        ]
      }
    ],
    "doc" : "User-defined entity",
    "builtin" : false
  }
}