{
  "data" : {
    "lookups" : [
      "trait"
    ],
    "name" : "intent",
    "lang" : "pt",
    "exotic" : false,
    "id" : "intent",
    "values" : [
      {
        "value" : "automoveis"
      },
      {
        "value" : "cinema",
        "expressions" : [
          "Lazer"
        ]
      },
      {
        "value" : "comida",
        "expressions" : [
          "Comida"
        ]
      },
      {
        "value" : "esporte"
      },
      {
        "value" : "financeiro"
      },
      {
        "value" : "games"
      },
      {
        "value" : "geografia"
      },
      {
        "value" : "pets"
      },
      {
        "value" : "politica"
      },
      {
        "value" : "saude"
      }
    ],
    "doc" : "User-defined entity",
    "builtin" : false
  }
}