{
  "data" : {
    "lookups" : [
      "free-text",
      "keywords"
    ],
    "name" : "lugar",
    "lang" : "pt",
    "exotic" : false,
    "id" : "lugar",
    "values" : [
      {
        "value" : "Brasil",
        "expressions" : [
          "Brasil"
        ]
      },
      {
        "value" : "Salas de cinema",
        "expressions" : [
          "Salas de cinema"
        ]
      },
      {
        "value" : "capital",
        "expressions" : [
          "capital"
        ]
      },
      {
        "value" : "cidade",
        "expressions" : [
          "cidade"
        ]
      },
      {
        "value" : "comer fora",
        "expressions" : [
          "comer fora"
        ]
      },
      {
        "value" : "deserto",
        "expressions" : [
          "deserto"
        ]
      },
      {
        "value" : "drogaria",
        "expressions" : [
          "drogaria"
        ]
      },
      {
        "value" : "equador",
        "expressions" : [
          "equador"
        ]
      },
      {
        "value" : "estado",
        "expressions" : [
          "estado"
        ]
      },
      {
        "value" : "estados",
        "expressions" : [
          "estados"
        ]
      },
      {
        "value" : "hollywood",
        "expressions" : [
          "hollywood"
        ]
      },
      {
        "value" : "mais próximo",
        "expressions" : [
          "mais próximo"
        ]
      },
      {
        "value" : "pais",
        "expressions" : [
          "pais"
        ]
      },
      {
        "value" : "restaurante",
        "expressions" : [
          "restaurante"
        ]
      }
    ],
    "doc" : "User-defined entity",
    "builtin" : false
  }
}