{
  "data" : {
    "lookups" : [
      "free-text",
      "keywords"
    ],
    "name" : "marca",
    "lang" : "pt",
    "exotic" : false,
    "id" : "marca",
    "values" : [
      {
        "value" : "Blizzard",
        "expressions" : [
          "Blizzard"
        ]
      },
      {
        "value" : "E3",
        "expressions" : [
          "E3"
        ]
      },
      {
        "value" : "Honda",
        "expressions" : [
          "Honda"
        ]
      }
    ],
    "doc" : "User-defined entity",
    "builtin" : false
  }
}