{
  "data" : {
    "lookups" : [
      "free-text",
      "keywords"
    ],
    "name" : "modelo_carro",
    "lang" : "pt",
    "exotic" : false,
    "id" : "modelo_carro",
    "values" : [
      {
        "value" : "Citroen",
        "expressions" : [
          "Citroen"
        ]
      },
      {
        "value" : "Fiat",
        "expressions" : [
          "Fiat"
        ]
      },
      {
        "value" : "Mustang",
        "expressions" : [
          "Mustang"
        ]
      }
    ],
    "doc" : "User-defined entity",
    "builtin" : false
  }
}