{
  "data" : {
    "lookups" : [
      "free-text",
      "keywords"
    ],
    "name" : "pais",
    "lang" : "pt",
    "exotic" : false,
    "id" : "pais",
    "values" : [
      {
        "value" : "Canadá",
        "expressions" : [
          "Canadá"
        ]
      },
      {
        "value" : "China",
        "expressions" : [
          "China"
        ]
      },
      {
        "value" : "equador",
        "expressions" : [
          "equador"
        ]
      },
      {
        "value" : "méxico",
        "expressions" : [
          "méxico"
        ]
      }
    ],
    "doc" : "User-defined entity",
    "builtin" : false
  }
}