{
  "data" : {
    "lookups" : [
      "free-text",
      "keywords"
    ],
    "name" : "patologia",
    "lang" : "pt",
    "exotic" : false,
    "id" : "patologia",
    "values" : [
      {
        "value" : "carrapatos",
        "expressions" : [
          "carrapatos"
        ]
      },
      {
        "value" : "constipado",
        "expressions" : [
          "constipado"
        ]
      },
      {
        "value" : "dermatite",
        "expressions" : [
          "dermatite"
        ]
      },
      {
        "value" : "faringite",
        "expressions" : [
          "faringite"
        ]
      },
      {
        "value" : "gripe",
        "expressions" : [
          "gripe"
        ]
      },
      {
        "value" : "labirintite",
        "expressions" : [
          "labirintite"
        ]
      },
      {
        "value" : "pulgas",
        "expressions" : [
          "pulgas"
        ]
      },
      {
        "value" : "queda de pelos",
        "expressions" : [
          "queda de pelos"
        ]
      },
      {
        "value" : "tonturas",
        "expressions" : [
          "tonturas"
        ]
      }
    ],
    "doc" : "User-defined entity",
    "builtin" : false
  }
}