{
  "data" : {
    "lookups" : [
      "free-text",
      "keywords"
    ],
    "name" : "profissao",
    "lang" : "pt",
    "exotic" : false,
    "id" : "profissao",
    "values" : [
      {
        "value" : "adestrador",
        "expressions" : [
          "adestrador"
        ]
      },
      {
        "value" : "atores",
        "expressions" : [
          "atores"
        ]
      },
      {
        "value" : "diretores",
        "expressions" : [
          "diretores"
        ]
      }
    ],
    "doc" : "User-defined entity",
    "builtin" : false
  }
}