{
  "data" : {
    "lookups" : [
      "free-text",
      "keywords"
    ],
    "name" : "ranking",
    "lang" : "pt",
    "exotic" : false,
    "id" : "ranking",
    "values" : [
      {
        "value" : "primeiro colocado",
        "expressions" : [
          "primeiro colocado"
        ]
      },
      {
        "value" : "primeiro lugar",
        "expressions" : [
          "primeiro lugar"
        ]
      },
      {
        "value" : "venceu",
        "expressions" : [
          "venceu"
        ]
      }
    ],
    "doc" : "User-defined entity",
    "builtin" : false
  }
}