{
  "data" : {
    "lookups" : [
      "free-text",
      "keywords"
    ],
    "name" : "tipo_de_programa",
    "lang" : "pt",
    "exotic" : false,
    "id" : "tipo_de_programa",
    "values" : [
      {
        "value" : "Titanic",
        "expressions" : [
          "Titanic"
        ]
      },
      {
        "value" : "filme",
        "expressions" : [
          "filme"
        ]
      },
      {
        "value" : "filmes",
        "expressions" : [
          "filmes"
        ]
      },
      {
        "value" : "série",
        "expressions" : [
          "série"
        ]
      }
    ],
    "doc" : "User-defined entity",
    "builtin" : false
  }
}