{
  "data" : {
    "lookups" : [
      "free-text",
      "keywords"
    ],
    "name" : "tipo_comida",
    "lang" : "pt",
    "exotic" : false,
    "id" : "tipo_comida",
    "values" : [
      {
        "value" : "bem passada",
        "expressions" : [
          "bem passada"
        ]
      },
      {
        "value" : "carne",
        "expressions" : [
          "carne"
        ]
      },
      {
        "value" : "chocolate",
        "expressions" : [
          "chocolate"
        ]
      },
      {
        "value" : "culinária estrangeira",
        "expressions" : [
          "culinária estrangeira"
        ]
      },
      {
        "value" : "delivery",
        "expressions" : [
          "delivery"
        ]
      },
      {
        "value" : "health food",
        "expressions" : [
          "health food"
        ]
      },
      {
        "value" : "junk food",
        "expressions" : [
          "junk food"
        ]
      },
      {
        "value" : "mal passada",
        "expressions" : [
          "mal passada"
        ]
      }
    ],
    "doc" : "User-defined entity",
    "builtin" : false
  }
}