{
  "data" : {
    "lookups" : [
      "free-text",
      "keywords"
    ],
    "name" : "tipo_jogo",
    "lang" : "pt",
    "exotic" : false,
    "id" : "tipo_jogo",
    "values" : [
      {
        "value" : "FPS",
        "expressions" : [
          "FPS"
        ]
      },
      {
        "value" : "MMORPG",
        "expressions" : [
          "MMORPG"
        ]
      },
      {
        "value" : "MOBA",
        "expressions" : [
          "MOBA"
        ]
      },
      {
        "value" : "jogos para celular",
        "expressions" : [
          "jogos para celular"
        ]
      }
    ],
    "doc" : "User-defined entity",
    "builtin" : false
  }
}