{
  "data" : {
    "lookups" : [
      "free-text",
      "keywords"
    ],
    "name" : "titulo_jogo",
    "lang" : "pt",
    "exotic" : false,
    "id" : "titulo_jogo",
    "values" : [
      {
        "value" : "Fortinite",
        "expressions" : [
          "Fortinite"
        ]
      },
      {
        "value" : "Forza Horizon",
        "expressions" : [
          "Forza Horizon"
        ]
      },
      {
        "value" : "Watch Dogs",
        "expressions" : [
          "Watch Dogs"
        ]
      }
    ],
    "doc" : "User-defined entity",
    "builtin" : false
  }
}